PERYRIERA;Albert_Rivera
moisestve;Albert_Rivera
lourdesmaldonad;Albert_Rivera
portavozsup;Albert_Rivera
LSEEuroppblog;Albert_Rivera
GAD3_com;Albert_Rivera
DYMinstituto;Albert_Rivera
AGarridoOficial;Albert_Rivera
mikankel46;Albert_Rivera
maria_rey;Albert_Rivera
abetancor;Albert_Rivera
deflamenco_com;Albert_Rivera
NachoPuerta55;Albert_Rivera
_ManuSanchez_;Albert_Rivera
_Rubalcaba_;Pablo_Iglesias_
PERYRIERA;Pablo_Iglesias_
AdelasherasL;Pablo_Iglesias_
GToledoM;Pablo_Iglesias_
GpuntoD;Pablo_Iglesias_
pituskaya;Pablo_Iglesias_
twitnoemisa;Pablo_Iglesias_
amiplinn;Pablo_Iglesias_
ehbilducongreso;Pablo_Iglesias_
JoanTarda;Pablo_Iglesias_
iturri;Pablo_Iglesias_
Pevelasco;Pablo_Iglesias_
gemmaubasart;Pablo_Iglesias_
JuliaGASegade;Pablo_Iglesias_
huelgalavapies;Pablo_Iglesias_
UberSoc;Pablo_Iglesias_
vale_neko;Pablo_Iglesias_
asaltoalscielos;Pablo_Iglesias_
pabloprieto;Pablo_Iglesias_
nodo50;Pablo_Iglesias_
sirarego;Pablo_Iglesias_
ModestoNolla;Pablo_Iglesias_
jsmcoy;Pablo_Iglesias_
gonzalezhuesa;agarzon
Asanzr;agarzon
PERYRIERA;agarzon
MonteroGlez;agarzon
sevillairene;agarzon
fmarcellesi;agarzon
MedicosdelMundo;agarzon
_InakiLopez_;agarzon
Arantza_Lopez;agarzon
pnique;agarzon
enricsopena;agarzon
buitrago_a;agarzon
OLFonseca;agarzon
luciasocam;agarzon
XoseMorais;agarzon
norcoreano;agarzon
Recuenco3;agarzon
EloiEsposito;agarzon
JorgeRguezPerez;agarzon
G_Cordero_;agarzon
MonicaRCarballo;agarzon
AnaIbarruri;agarzon
howardamos;agarzon
yanisvaroufakis;agarzon
EvaGSempere;agarzon
hiparquiana;agarzon
CNCMirador;agarzon
AfectadosBecasM;agarzon
karang51;sanchezcastejon
EnriPexa;sanchezcastejon
ccmr76;sanchezcastejon
raulgilb;sanchezcastejon
amgomezgomez;sanchezcastejon
rubenthehunter;sanchezcastejon
JorgeFrancoCald;sanchezcastejon
jose10cueto;sanchezcastejon
JoseLuisUrraca;sanchezcastejon
Lugurezbueno;sanchezcastejon
sanudoscar;sanchezcastejon
jmbecana;sanchezcastejon
GEscobar_PSOE;sanchezcastejon
maglezvega;sanchezcastejon
RubialesMAmparo;sanchezcastejon
Jocrega;sanchezcastejon
maiteesporrin;sanchezcastejon
jperezsantos;sanchezcastejon
fernandolostao;sanchezcastejon
SaraASufrategui;sanchezcastejon
maribejp;sanchezcastejon
iortemar;sanchezcastejon
ColomaRamon;sanchezcastejon
pilarcosta;sanchezcastejon
AlfonsoCalvia;sanchezcastejon
XavierRamis;sanchezcastejon
ifernandezsa;sanchezcastejon
ConxaObrador;sanchezcastejon
BelMOliver;sanchezcastejon
vturmarti;sanchezcastejon
david_cejudo;sanchezcastejon
tomeumorro;sanchezcastejon
elenacostacoll;sanchezcastejon
aina_calvo;sanchezcastejon
AutogrillIberia;marianorajoy
JesusMartin_95;marianorajoy
radioadaja;marianorajoy
copeavila;marianorajoy
joansalort;marianorajoy
aaussenac;marianorajoy
nreyriveiro;marianorajoy
nngg_ceuti;marianorajoy
JuliaLoSanxMol;marianorajoy
JRLUENGO;marianorajoy
KikaCaracuel;marianorajoy
CristinaSegui_;marianorajoy
Ruben_Sardon;marianorajoy
bravo_sergio;marianorajoy
kikesanchezcer;marianorajoy
Beaguti33;marianorajoy
VitoPtah;marianorajoy
JRFerreiraSiles;marianorajoy
PPSalteras;marianorajoy
nnggLatina;marianorajoy
mallasan;marianorajoy
pilarnarvaez1;marianorajoy
j_hidalgo_g;marianorajoy
alvarotkmalaga;marianorajoy
InmadePedraza;marianorajoy
LisandroVieytes;marianorajoy
MellizosGrupo;marianorajoy
JmejiasJ1;marianorajoy
ppfrigiliana;marianorajoy
h_poyato;marianorajoy
AleMontylla;marianorajoy
PPVianaDeCega;marianorajoy
RocioYbarra3;marianorajoy
AbsolutaFem;marianorajoy
ElCascabel13tv;marianorajoy
irenefloresaez;marianorajoy
FMohatar;marianorajoy
Pilar_melilla;marianorajoy
GFLopez69;marianorajoy
Alex_Balongo;marianorajoy
irasynovolveras;marianorajoy
jamoralesramos;marianorajoy
seck_thor;marianorajoy
Ginamontaner;marianorajoy
pmaurell;marianorajoy
Gerardfarre8;marianorajoy
FranHGBaeza;marianorajoy
aguortega;marianorajoy
juan_delaserna;marianorajoy
tomasmorales71;marianorajoy
ifernandezsa;marianorajoy